coronavirus,coronavirus,corona,virus check,virus,COVID-19,COVID,coronavirus,corona-virus,carona-virus,Carona,Korona,Korona-virus,COVID19
landmark,grand central
landmark,empire state building,emprire state,empire state
landmark,times square,times sqaure,time square,time sqaure
location,Nagaon
location,Nagapattinam
location,Nagarkurnool
location,Nagaur
location,Nagda
location,Nagpur
location,Nainital
location,Nalanda,Bihar Sharif
location,Nalbari
location,Nalgonda
location,Namakkal
location,Namibia,NAM,NA
location,Namsai
location,Nanded
location,Nandurbar
location,Narayanpet
location,Narayanpur
location,Narmada,Rajpipla
location,Narsinghpur
location,Nashik
location,Nauru,NRU,NR
location,Navsari
location,Nawada
location,Nayagarh
location,Nebraska,NE
location,Neemuch
location,Nepal,NPL,NP
location,Netherlands (the),NLD,NL
location,Nevada,NV
location,New Caledonia,NCL,NC
location,New Delhi,Connaught Place
location,New Hampshire,NH
location,New Jersey,NJ
location,New Mexico,NM
location,New York,NY
location,New Zealand,NZL,NZ
location,Nicaragua,NIC,NI
location,Niger (the),NER,NE
location,Nigeria,NGA,NG
location,Nilgiris,Ooty
location,Nirmal
location,Niue,NIU,NU
location,Niwari
location,Nizamabad
location,Noklak
location,Noney,Noney�(Longmai)
location,Norfolk Island,NFK,NF
location,North 24 Parganas,Barasat
location,North America,UttarAmerica,Uttar America,NorthAmerica,NA,North_America
location,North and Middle Andaman,Mayabunder
location,North Carolina,NC
location,North Dakota,ND
location,North Delhi,Sadar Bazaar
location,North East Delhi,Seelampur
location,North Garo Hills,Resubelpara
location,North Goa,Panaji
location,North Sikkim,Mangan
location,North Tripura,Dharmanagar
location,North West Delhi,Kanjhawala
location,Northern Mariana Islands,MP
location,Northern Mariana Islands (the),MNP,MP
location,Norway,NOR,NO
location,Nuapada
location,Nuh
location,Ohio,OH
location,Oklahoma,OK
location,Oman,OMN,OM
location,Oregon,OR
location,Orissa,75�77,IN-OR;OD;Orissa,OR
location,Osmanabad
location,Pakistan,PAK,PK
location,Pakur
location,Palakkad
location,Palamu,Daltonganj
location,Palau,PLW,PW
location,"Palestine, State of",PSE,PS
location,Palghar
location,Pali
location,Palwal
location,Panama,PAN,PA
location,Panchkula
location,Panchmahal
location,Pangin
location,Panipat
location,Panna
location,Papua New Guinea,PNG,PG
location,Paraguay,PRY,PY
location,Parbhani
location,Paschim Bardhaman,Asansol
location,Paschim Medinipur,Midnapore
location,Pasighat
location,Patan
location,Pathanamthitta
location,Pathankot
location,Patiala
location,Patna
location,Pauri Garhwal,Pauri
location,Peddapalli
location,Pennsylvania,PA
location,Perambalur
location,Peren
location,Peru,PER,PE
location,Phek
location,Pherzawl
location,Philippines (the),PHL,PH
location,Pilibhit
location,Pitcairn,PCN,PN
location,Pithoragarh
location,Poland,POL,PL
location,Pondicherry,605,IN-PY;PDY,PY
location,Poonch
location,Porbandar
location,Portugal,PRT,PT
location,Prakasam,Ongole
location,Pratapgarh
location,Prayagraj
location,Pudukkottai
location,Puerto Rico,PRI,PR
location,Pulwama
location,Pune
location,Punjab,14�15,IN-PB,PB
location,Purba Bardhaman,Bardhaman
location,Purba Medinipur,Tamluk
location,Puri
location,Purnia
location,Purulia
location,Qatar,QAT,QA
location,Raebareli
location,Raga
location,Raichur
location,Raigad
location,Raigarh
location,Raipur
location,Raisen
location,Rajanna Sircilla,Sircilla
location,Rajasthan,30�34,IN-RJ;RAJ,RJ
location,Rajgarh
location,Rajkot
location,Rajnandgaon
location,Rajouri
location,Rajsamand
location,Ramanagara
location,Ramanathapuram
location,Ramban
location,Ramgarh
location,Rampur
location,Ranchi
location,Ranga Reddy
location,Ranipet
location,Ratlam
location,Ratnagiri
location,Rayagada
location,Reasi
location,Republic of North Macedonia,MKD,MK
location,Rewa
location,Rewari
location,Rhode Island,RI
location,Ri Bhoi,Nongpoh
location,Rohtak
location,Rohtas,Sasaram
location,Roing
location,Romania,ROU,RO
location,Rudraprayag
location,Rupnagar
location,Russian Federation (the),RUS,RU
location,Rwanda,RWA,RW
location,R�union,REU,RE
location,Sabarkantha,Himatnagar
location,Sagar
location,Saharanpur
location,Saharsa
location,Sahibganj
location,Sahibzada Ajit Singh Nagar,Mohali
location,Saiha
location,Saint Barth�lemy,BLM,BL
location,"Saint Helena, Ascension and Tristan da Cunha",SHN,SH
location,Saint Kitts and Nevis,KNA,KN
location,Saint Lucia,LCA,LC
location,Saint Martin (French part),MAF,MF
location,Saint Pierre and Miquelon,SPM,PM
location,Saint Vincent and the Grenadines,VCT,VC
location,Saitual
location,Salem
location,Samastipur
location,Samba
location,Sambalpur
location,Sambhal
location,Samoa,WSM,WS
location,San Marino,SMR,SM
location,Sangareddy
location,Sangli
location,Sangrur
location,Sant Kabir Nagar,Khalilabad
location,Sao Tome and Principe,STP,ST
location,Saran,Chhapra
location,Satara
location,Satna
location,Saudi Arabia,SAU,SA
location,Sawai Madhopur
location,Sehore
location,Senapati
location,Senegal,SEN,SN
location,Seoni
location,Sepahijala[16],Bishramganj
location,Seppa
location,Seraikela Kharsawan,Seraikela
location,Serbia,SRB,RS
location,Serchhip
location,Seychelles,SYC,SC
location,Shahdara
location,Shahdol
location,Shahid Bhagat Singh Nagar,Nawanshahr
location,Shahjahanpur
location,Shajapur
location,Shamli
location,Sheikhpura
location,Sheohar
location,Sheopur
location,Shimla
location,Shivamogga
location,Shivpuri
location,Shopian,Shupiyan
location,Shravasti
location,Siddharthnagar,Naugarh
location,Siddipet
location,Sidhi
location,Sierra Leone,SLE,SL
location,Sikar
location,Sikkim,737,IN-SK;SKM,SK
location,Simdega
location,Sindhudurg,Oros
location,Singapore,SGP,SG
location,Singrauli,Waidhan
location,Sint Maarten (Dutch part),SXM,SX
location,Sirmaur,Nahan
location,Sirohi
location,Sirsa
location,Sitamarhi
location,Sitapur
location,Sivaganga
location,Sivasagar,Sibsagar
location,Siwan
location,Slovakia,SVK,SK
location,Slovenia,SVN,SI
location,Solan
location,Solapur
location,Solomon Islands,SLB,SB
location,Somalia,SOM,SO
location,Sonbhadra,Robertsganj
location,Sonipat
location,Sonitpur,Tezpur
location,South 24 Parganas,Alipore
location,South Africa,ZAF,ZA
location,South America,DakshinAmerica,Dakshin America,SouthAmerica,SA,South_America
location,South Andaman,Port Blair
location,South Carolina,SC
location,South Dakota,SD
location,South Delhi,Saket
location,South East Delhi,Defence Colony
location,South Garo Hills,Baghmara
location,South Georgia and the South Sandwich Islands,SGS,GS
location,South Goa,Margao
location,South Salmara,Hatsingimari
location,South Sikkim,Namchi
location,South Sudan,SSD,SS
location,South Tripura,Belonia
location,South West Delhi,Vasant Vihar
location,South West Garo Hills,Ampati
location,South West Khasi Hills,Mawkyrwat
location,Spain,ESP,ES
location,Sri Lanka,LKA,LK
location,Sri Muktsar Sahib
location,Sri Potti Sriramulu Nellore,Nellore
location,Srikakulam
location,Srinagar
location,St. Croix,St Croix;Saint Croix;St. Croix Island;Saint Croix Island,SX
location,St. John,St John;Saint John;St. John Island;Saint John Island,SJ
location,St. Thomas,St Thomas;Saint Thomas;St. Thomas Island;Saint Thomas Island,ST
location,Subarnapur�,Sonepur
location,Sudan (the),SDN,SD
location,Sukma
location,Sultanpur
location,Sundargarh
location,Supaul
location,Surajpur
location,Surat
location,Surendranagar
location,Surguja,Ambikapur
location,Suriname,SUR,SR
location,Suryapet
location,Svalbard and Jan Mayen,SJM,SJ
location,Sweden,SWE,SE
location,Switzerland,CHE,CH
location,Syrian Arab Republic,SYR,SY
location,Tajikistan,TJK,TJ
location,Tamenglong
location,Tamil Nadu,60�66,IN-TN,TN
location,"Tanzania, United Republic of",TZA,TZ
location,Tapi,Vyara
location,Tarn Taran,Tarn Taran Sahib
location,Tato
location,Tawang Town
location,Tehri Garhwal,New Tehri
location,Telangana,50,Nadu,Tamil,Tamil_Nadu,TamilNadu,IN-TG;TS,TS
location,Tengnoupal
location,Tenkasi
location,Tennessee,TN
location,Texas,TX
location,Thailand,THA,TH
location,Thane
location,Thanjavur
location,Theni
location,Thiruvananthapuram
location,Thoothukudi
location,Thoubal
location,Thrissur
location,Tikamgarh
location,Timor-Leste,TLS,TL
location,Tinsukia
location,Tiruchirappalli
location,Tirunelveli
location,Tirupattur
location,Tirupur
location,Tiruvallur
location,Tiruvannamalai
location,Tiruvarur
location,Togo,TGO,TG
location,Tokelau,TKL,TK
location,Tonga,TON,TO
location,Tonk
location,Trinidad and Tobago,TTO,TT
location,Tripura,799,IN-TR;TRP,TR
location,Tuensang
location,Tumakuru
location,Tunisia,TUN,TN
location,Turkey,TUR,TR
location,Turkmenistan,TKM,TM
location,Turks and Caicos Islands (the),TCA,TC
location,Tuvalu,TUV,TV
location,Udaipur
location,Udalguri
location,Udham Singh Nagar,Rudrapur
location,Udhampur
location,Udupi
location,Uganda,UGA,UG
location,Ujjain
location,Ukhrul
location,Ukraine,UKR,UA
location,Umaria
location,Una
location,United Arab Emirates (the),ARE,AE
location,United Kingdom of Great Britain and Northern Ireland (the),GBR,GB
location,United States Minor Outlying Islands (the),UMI,UM
location,Unnao
location,Unokoti[17],Kailashahar
location,Uruguay,URY,UY
location,Utah,UT
location,Uttar Dinajpur,Raiganj
location,Uttar Pradesh,Uttar_Pradesh,UttarPradesh,IN-UP,UP
location,Uttara Kannada,Karwar
location,Uttarakhand,IN-UT;UK;UA;Uttaranchal,UK
location,Uttarkashi
location,Uzbekistan,UZB,UZ
location,Vadodara
location,Vaishali,Hajipur
location,Valsad
location,Vanuatu,VUT,VU
location,Varanasi
location,Vellore
location,Venezuela (Bolivarian Republic of),VEN,VE
location,Vermont,VT
location,Vidisha
location,Viet Nam,VNM,VN
location,Vijayapura
location,Vikarabad
location,Viluppuram
location,Virgin Islands,VI
location,Virgin Islands (British),VGB,VG
location,Virgin Islands (U.S.),VIR,VI
location,Virginia,VA
location,Virudhunagar
location,Visakhapatnam
location,Vizianagaram
location,Wallis and Futuna,WLF,WF
location,Wanaparthy
location,Warangal Rural
location,Warangal Urban
location,Wardha
location,Washim
location,Washington,WA
location,Wayanad,Kalpetta
location,West Bengal,70�74,Bengal,WEST_BENGAL,WESTBENGAL,IN-WB,WB
location,West Champaran,Bettiah
location,West Delhi,Rajouri Garden
location,West Garo Hills,Tura
location,West Godavari,Eluru
location,West Jaintia Hills,Jowai
location,West Karbi Anglong,Hamren
location,West Khasi Hills,Nongstoin
location,West Sikkim,Geyzing
location,West Singhbhum,Chaibasa
location,West Tripura,Agartala
location,West Virginia,WV
location,Western Sahara,ESH,EH
location,Wisconsin,WI
location,Wokha
location,Wyoming,WY
location,Yadadri Bhuvanagiri,Bhongiri
location,Yadgir
location,Yamuna Nagar
location,Yanam
location,Yavatmal
location,Yemen,YEM,YE
location,Yingkiong
location,YSR Kadapa,Kadapa
location,Yupia
location,Zambia,ZMB,ZM
location,Zimbabwe,ZWE,ZW
location,Ziro
location,Zunheboto
location,�land Islands,ALA,AX
location,USA,US,United States,United States of America,America
location,United States,USA,United States of America,US,America
location,Taiwan (Province of China),TWN,TW
location,Adilabad
location,Tezu
location,Afghanistan,AFG,AF
location,Africa,AFR,AF
location,Agar Malwa,Agar
location,Agra
location,Ahmedabad
location,Ahmednagar
location,Aizawl
location,Ajmer
location,Akola
location,Alabama,AL
location,Alappuzha
location,Alaska,AK
location,Albania,ALB,AL
location,Algeria,DZA,DZ
location,Aligarh
location,Alipurduar
location,Alirajpur
location,Almora
location,Along
location,Alwar
location,Ambala
location,Ambedkar Nagar,Akbarpur
location,American Samoa,ASM,AS
location,Amethi,Gauriganj
location,Amravati
location,Amreli
location,Amritsar
location,Amroha
location,Anand
location,Anantapur
location,Anantnag
location,Andaman and Nicobar Islands,Army Postal Service,90�99,744,Andaman_Nicobar,Nicobar Islands,Andaman,Andaman andNicobar Islands,AndamanandNicobar Islands,Andamanand Nicobar Islands,IN-AN,AN
location,Andhra Pradesh,51�53,Andhra_Pradesh,AndhraPradesh,Andhra,IN-AP,AP
location,Andorra,AND,AD
location,Angola,AGO,AO
location,Anguilla,AIA,AI
location,Angul
location,Anini
location,Antarctica,ANT,AN,ATA,AQ
location,Antigua and Barbuda,ATG,AG
location,Anuppur
location,Araria
location,Aravalli,Modasa
location,Argentina,ARG,AR
location,Ariyalur
location,Arizona,AZ
location,Arkansas,AR
location,Armenia,ARM,AM
location,Aruba,ABW,AW
location,Arunachal Pradesh,790�792,Arunachal_Pradesh,ArunachalPradesh,IN-AR,AR
location,Arwal
location,Ashok Nagar
location,Asia,AP,Asia Pacific,AsiaPacific,Asia-Pacific
location,Assam,78,IN-AS,AS
location,Auraiya
location,Aurangabad
location,Australia,AUS,AU
location,Australia/Oceania,AOC,AO,AUO,Australia&Oceania,Australia & Oceania,Australia,OCN,AUS,Oceania,Australia_Oceania
location,Austria,AUT,AT
location,Ayodhya,Faizabad
location,Azamgarh
location,Azerbaijan,AZE,AZ
location,Badgam
location,Bagalkot
location,Bageshwar
location,Bagpat,Baghpat
location,Bahamas (the),BHS,BS
location,Bahraich
location,Bahrain,BHR,BH
location,Baksa,Mushalpur
location,Balaghat
location,Balangir
location,Balasore
location,Ballari
location,Ballia
location,Balod
location,Baloda Bazar
location,Balrampur
location,Banaskantha,Palanpur
location,Banda
location,Bandipora
location,Bangladesh,BGD,BD
location,Banka
location,Bankura
location,Banswara
location,Barabanki
location,Baramulla
location,Baran
location,Barbados,BRB,BB
location,Bareilly
location,Bargarh�(Baragarh)
location,Barmer
location,Barnala
location,Barpeta
location,Barwani
location,Basar
location,Bastar,Jagdalpur
location,Basti
location,Bathinda
location,Beed
location,Begusarai
location,Belagavi
location,Belarus,BLR,BY
location,Belgium,BEL,BE
location,Belize,BLZ,BZ
location,Bemetara
location,Bengaluru Rural
location,Bengaluru Urban
location,Benin,BEN,BJ
location,Bermuda,BMU,BM
location,Betul
location,Bhadohi,Gyanpur
location,Bhadradri Kothagudem,Kothagudem
location,Bhadrak
location,Bhagalpur
location,Bhandara
location,Bharatpur
location,Bharuch
location,Bhavnagar
location,Bhilwara
location,Bhind
location,Bhiwani
location,Bhojpur,Arrah
location,Bhopal
location,Bhutan,BTN,BT
location,Bidar
location,Bihar,IN-BR,BR
location,Bijapur
location,Bijnor
location,Bikaner
location,Bilaspur
location,Birbhum,Suri
location,Bishnupur
location,Bishwanath,Bishwanath Chariali
location,Bokaro
location,Bolivia (Plurinational State of),BOL,BO
location,Bomdila
location,"Bonaire, Sint Eustatius and Saba",BES,BQ
location,Bongaigaon
location,Bosnia and Herzegovina,BIH,BA
location,Botad
location,Botswana,BWA,BW
location,Boudh�(Bauda)
location,Bouvet Island,BVT,BV
location,Brazil,BRA,BR
location,British Indian Ocean Territory (the),IOT,IO
location,Brunei Darussalam,BRN,BN
location,Budaun
location,Bulandshahr
location,Buldhana
location,Bulgaria,BGR,BG
location,Bundi
location,Burhanpur
location,Burkina Faso,BFA,BF
location,Burundi,BDI,BI
location,Buxar
location,Cabo Verde,CPV,CV
location,Cachar,Silchar
location,California,CA
location,Cambodia,KHM,KH
location,Cameroon,CMR,CM
location,Canada,CAN,CA
location,Car Nicobar
location,Cayman Islands (the),CYM,KY
location,Central African Republic (the),CAF,CF
location,Central Delhi,Daryaganj
location,Chachaura-Binaganj,Chachaura
location,Chad,TCD,TD
location,Chamarajanagara
location,Chamba
location,Chamoli,Gopeshwar
location,Champawat
location,Champhai
location,Chandauli
location,Chandel
location,Chandigarh,16,IN-CH;CHD,CH,Chandigarh
location,Chandrapur
location,Changlang
location,Charaideo,Sonari
location,Charkhi Dadri
location,Chatra
location,Chengalpattu
location,Chennai
location,Chhatarpur
location,Chhattisgarh,49,IN-CT;CG,CG
location,Chhindwara
location,Chhota Udepur
location,Chikkaballapura
location,Chikkamagaluru
location,Chile,CHL,CL
location,China,CHN,CN
location,Chirang,Kajalgaon
location,Chitradurga
location,Chitrakoot,Karwi
location,Chittoor
location,Chittorgarh
location,Christmas Island,CXR,CX
location,Churachandpur
location,Churu
location,Cocos (Keeling) Islands (the),CCK,CC
location,Coimbatore
location,Colombia,COL,CO
location,Colorado,CO
location,Comoros (the),COM,KM
location,Congo (the Democratic Republic of the),COD,CD
location,Congo (the),COG,CG
location,Connecticut,CT
location,Cooch Behar
location,Cook Islands (the),COK,CK
location,Costa Rica,CRI,CR
location,Croatia,HRV,HR
location,Cuba,CUB,CU
location,Cuddalore
location,Cura�ao,CUW,CW
location,Cuttack
location,Cyprus,CYP,CY
location,Czechia,CZE,CZ
location,C�te d'Ivoire,CIV,CI
location,Dadra and Nagar Haveli,396,Dadra andNagarHaveli,Dadra Nagar_Haveli,DadraandNagarHaveli,Dadra_Nagar Haveli,Dadra_Nagar_Haveli,DadraandNagar Haveli,Nagar Haveli,Dadra,IN-DN;DNH,DH
location,Dahod
location,Dakshin Dinajpur,Balurghat
location,Dakshina Kannada,Mangaluru
location,Daman and diu,396210,Daman_Diu,DamanandDiu,Daman andDiu,Damanand Diu,Daman,IN-DD,DD
location,Damoh
location,Dang,Ahwa
location,Dantewada
location,Daporijo
location,Darbhanga
location,Darjeeling
location,Darrang,Mangaldoi
location,Datia
location,Dausa
location,Davanagere
location,Debagarh�(Deogarh)
location,Dehradun
location,Delaware,DE
location,Delhi,11,IN-DL;DEL,DL
location,Denmark,DNK,DK
location,Deoghar
location,Deoria
location,Devbhoomi Dwarka,Khambhalia
location,Dewas
location,Dhalai,Ambassa
location,Dhamtari
location,Dhanbad
location,Dhar
location,Dharmapuri
location,Dharwad
location,Dhemaji
location,Dhenkanal
location,Dholpur
location,Dhubri
location,Dhule
location,Dibrugarh
location,Dima Hasao,Haflong
location,Dimapur
location,Dindigul
location,Dindori
location,District of Columbia,DC
location,Djibouti,DJI,DJ
location,Doda
location,Dominica,DMA,DM
location,Dominican Republic (the),DOM,DO
location,Dumka
location,Dungarpur
location,Durg
location,East Champaran,Motihari
location,East Delhi,Preet Vihar
location,East Garo Hills,Williamnagar
location,East Godavari,Kakinada
location,East Jaintia Hills,Khliehriat
location,East Khasi Hills
location,East Sikkim,Gangtok
location,East Singhbhum,Jamshedpur
location,Ecuador,ECU,EC
location,Egypt,EGY,EG
location,El Salvador,SLV,SV
location,Equatorial Guinea,GNQ,GQ
location,Eritrea,ERI,ER
location,Ernakulam,Kakkanad
location,Erode
location,Estonia,EST,EE
location,Eswatini,SWZ,SZ
location,Etah
location,Etawah
location,Ethiopia,ETH,ET
location,Europe,EUR,EU
location,Falkland Islands (the) [Malvinas],FLK,FK
location,Faridabad
location,Faridkot
location,Faroe Islands (the),FRO,FO
location,Farrukhabad,Fatehgarh
location,Fatehabad
location,Fatehgarh Sahib
location,Fatehpur
location,Fazilka
location,Federated States of Micronesia,FM
location,Fiji,FJI,FJ
location,Finland,FIN,FI
location,Firozabad
location,Firozpur
location,Florida,FL
location,France,FRA,FR
location,French Guiana,GUF,GF
location,French Polynesia,PYF,PF
location,French Southern Territories (the),ATF,TF
location,Gabon,GAB,GA
location,Gadag,Gadag-Betageri
location,Gadchiroli
location,Gajapati,Paralakhemundi
location,Gambia (the),GMB,GM
location,Ganderbal
location,Gandhinagar
location,Ganganagar
location,Ganjam,Chhatrapur
location,Garhwa
location,Gariaband
location,Gaurela-Pendra-Marwahi
location,Gautam Buddh Nagar,Noida
location,Gaya
location,Georgia,GEO,GE,GA
location,Germany,DEU,DE
location,Ghana,GHA,GH
location,Ghaziabad
location,Ghazipur
location,Gibraltar,GIB,GI
location,Gir Somnath,Veraval
location,Giridih
location,Goa,403,IN-GA,Ga
location,Goalpara
location,Godda
location,Golaghat
location,Gomati,Udaipur
location,Gonda
location,Gondia
location,Gopalganj
location,Gorakhpur
location,Greece,GRC,GR
location,Greenland,GRL,GL
location,Grenada,GRD,GD
location,Guadeloupe,GLP,GP
location,Guam,GUM,GU
location,Guatemala,GTM,GT
location,Guernsey,GGY,GG
location,Guinea,GIN,GN
location,Guinea-Bissau,GNB,GW
location,Gujarat,36�39,IN-GJ;GUJ,GJ
location,Gumla
location,Guna
location,Guntur
location,Gurdaspur
location,Gurgaon
location,Guyana,GUY,GY
location,Gwalior
location,Hailakandi
location,Haiti,HTI,HT
location,Hamirpur
location,Hanumangarh
location,Hapur
location,Harda
location,Hardoi
location,Haridwar
location,Haryana,12�13,IN-HR,HR
location,Hassan
location,Hathras
location,Haveri
location,Hawai
location,Hawaii,HI
location,Hazaribag
location,Heard Island and McDonald Islands,HMD,HM
location,Himachal Pradesh,17,Himachal_Pradesh,HimachalPradesh,Himachal,IN-HP,HP
location,Hingoli
location,Hissar
location,Hnahthial
location,Hojai
location,Holy See (the),VAT,VA
location,Honduras,HND,HN
location,Hong Kong,HKG,HK
location,Hooghly,Chinsurah
location,Hoshangabad
location,Hoshiarpur
location,Howrah
location,Hungary,HUN,HU
location,Hyderabad
location,Iceland,ISL,IS
location,Idaho,ID
location,Idukki
location,Illinois,IL
location,Imphal East,Porompat
location,Imphal West,Lamphelpat
location,India,IND,IN
location,Indonesia,IDN,ID
location,Indore
location,Iowa,IA
location,Iran (Islamic Republic of),IRN,IR
location,Iraq,IRQ,IQ
location,Ireland,IRL,IE
location,Isle of Man,IMN,IM
location,Israel,ISR,IL
location,Italy,ITA,IT
location,Jabalpur
location,Jagatsinghpur
location,Jagtial
location,Jaipur
location,Jaisalmer
location,Jajpur,Panikoili
location,Jalandhar
location,Jalaun,Orai
location,Jalgaon
location,Jalna
location,Jalore
location,Jalpaiguri
location,Jamaica,JAM,JM
location,Jamin
location,Jammu and Kashmir,18�19,Jammu_Kashmir,Jammu andKashmir,JammuandKashmir,Jammuand Kashmir,J&K,Kashmir,Jammu,IN-JK,"JK, LA",Jammu and Kashmir
location,Jamnagar
location,Jamtara
location,Jamui
location,Jangaon
location,Janjgir-Champa,Naila Janjgir
location,Japan,JPN,JP
location,Jashpur,Jashpur Nagar
location,Jaunpur
location,Jayashankar Bhupalpally,Bhupalpalle
location,Jehanabad
location,Jersey,JEY,JE
location,Jhabua
location,Jhajjar
location,Jhalawar
location,Jhansi
location,Jhargram
location,Jharkhand,IN-JH,JH
location,Jharsuguda
location,Jhunjhunu
location,Jind
location,Jiribam
location,Jodhpur
location,Jogulamba Gadwal
location,Jordan,JOR,JO
location,Jorhat
location,Junagadh
location,Kabirdham,Kawardha
location,Kaimur,Bhabua
location,Kaithal
location,Kakching
location,Kalaburagi
location,Kalahandi,Bhawanipatna
location,Kalimpong
location,Kallakurichi
location,Kamareddy
location,Kamjong
location,Kamrup,Amingaon
location,Kamrup Metropolitan,Guwahati
location,Kanchipuram
location,Kandhamal,Phulbani
location,Kangpokpi
location,Kangra,Dharamshala
location,Kanker
location,Kannauj
location,Kannur
location,Kanpur Dehat,Akbarpur
location,Kanpur Nagar,Kanpur
location,Kansas,KS
location,Kanyakumari
location,Kapurthala
location,Karaikal
location,Karauli
location,Karbi Anglong,Diphu
location,Kargil
location,Karimganj
location,Karimnagar
location,Karnal
location,Karnataka,56�59,IN-KA;KRN,KA
location,Karur
location,Kasaragod
location,Kasganj
location,Kathua
location,Katihar
location,Katni
location,Kaushambi,Manjhanpur
location,Kazakhstan,KAZ,KZ
location,Kendrapara
location,Kendujhar�,Keonjhar
location,Kentucky,KY
location,Kenya,KEN,KE
location,Kerala,67�69,IN-KL;KER,KL
location,Khagaria
location,Khammam
location,Khandwa�(East Nimar)
location,Khargone�(West Nimar)
location,Khawzawl
location,Khonsa
location,Khordha
location,Khowai
location,Khunti
location,Kinnaur,Reckong Peo
location,Kiphire
location,Kiribati,KIR,KI
location,Kishanganj
location,Kishtwar
location,Kodagu,Madikeri
location,Koderma
location,Kohima
location,Kokrajhar
location,Kolar
location,Kolasib
location,Kolhapur
location,Kolkata
location,Kollam
location,Koloriang
location,Komaram Bheem
location,Kondagaon
location,Koppal
location,Koraput
location,Korea (the Democratic People's Republic of),PRK,KP
location,Korea (the Republic of),KOR,KR
location,Koriya,Baikunthpur
location,Kota
location,Kottayam
location,Kozhikode
location,Krishna,Machilipatnam
location,Krishnagiri
location,Kulgam
location,Kullu
location,Kupwara
location,Kurnool
location,Kurukshetra
location,Kushinagar,Padrauna
location,Kutch,Bhuj
location,Kuwait,KWT,KW
location,Kyrgyzstan,KGZ,KG
location,Ladakh
location,Lahaul and Spiti,Keylong
location,Lakhimpur,North Lakhimpur
location,Lakhimpur Kheri,Lakhimpur
location,Lakhisarai
location,Lakshadweep,682,IN-LD;LKP,LD
location,Lalitpur
location,Lao People's Democratic Republic (the),LAO,LA
location,Latehar
location,Latur
location,Latvia,LVA,LV
location,Lawngtlai
location,Lebanon,LBN,LB
location,Leh
location,Lemmi
location,Lesotho,LSO,LS
location,Liberia,LBR,LR
location,Libya,LBY,LY
location,Liechtenstein,LIE,LI
location,Likabali
location,Lithuania,LTU,LT
location,Lohardaga
location,Longding
location,Longleng
location,Louisiana,LA
location,Lucknow
location,Ludhiana
location,Lunglei
location,Luxembourg,LUX,LU
location,Macao,MAC,MO
location,Madagascar,MDG,MG
location,Madhepura
location,Madhubani
location,Madhya Pradesh,45�48,Madhya_Pradesh,MadhyaPradesh,IN-MP,MP
location,Madurai
location,Mahabubabad
location,Maharajganj
location,Maharashtra,40�44,IN-MH;MAH,MH
location,Mahasamund
location,Mahbubnagar
location,Mahendragarh,Narnaul
location,Mahisagar,Lunavada
location,Mahoba
location,Mah�
location,Maihar
location,Maine,ME
location,Mainpuri
location,Majuli,Garamur
location,Malappuram
location,Malawi,MWI,MW
location,Malaysia,MYS,MY
location,Maldah,English Bazar
location,Maldives,MDV,MV
location,Mali,MLI,ML
location,Malkangiri
location,Malta,MLT,MT
location,Mamit
location,Mancherial
location,Mandi
location,Mandla
location,Mandsaur
location,Mandya
location,Manipur,795,IN-MN;MNP,MN
location,Mansa
location,Marshall Islands,MH
location,Marshall Islands (the),MHL,MH
location,Martinique,MTQ,MQ
location,Maryland,MD
location,Massachusetts,MA
location,Mathura
location,Mau
location,Mauritania,MRT,MR
location,Mauritius,MUS,MU
location,Mayiladuthurai
location,Mayotte,MYT,YT
location,Mayurbhanj,Baripada
location,Medak
location,Medchal-Malkajgiri,Shamirpet
location,Kheda,Nadiad
location,Meerut
location,Meghalaya,793�794,IN-ML;MEG,ML
location,Mehsana
location,Mexico,MEX,MX
location,Michigan,MI
location,Micronesia (Federated States of),FSM,FM
location,Minnesota,MN
location,Mirzapur
location,Mississippi,MS
location,Missouri,MO
location,Mizoram,796,IN-MZ;MIZ,MZ
location,Moga
location,Mokokchung
location,Moldova (the Republic of),MDA,MD
location,Mon
location,Monaco,MCO,MC
location,Mongolia,MNG,MN
location,Montana,MT
location,Montenegro,MNE,ME
location,Montserrat,MSR,MS
location,Moradabad
location,Morbi
location,Morena
location,Korba
location,Morigaon,Marigaon
location,Morocco,MAR,MA
location,Mozambique,MOZ,MZ
location,Mulugu
location,Mumbai City,Mumbai
location,Mumbai suburban,Bandra�(East)
location,Mungeli
location,Munger
location,Murshidabad,Baharampur
location,Muzaffarnagar
location,Muzaffarpur
location,Myanmar,MMR,MM
location,Mysuru
location,Nabarangpur
location,Nadia,Krishnanagar
location,Nagaland,797�798,IN-NL;NLD,NL
phone,US Phone pattern,/(\d{3})-(\d{3})-(\d{4})/
reply,yes,yep,you betcha,you bet,yes,yeah,why not,sure,please,ok,let's do it,go for it,definitely,y,yea
reply,no,not now,not at this time,nope,i think not,dont think so,don't think so,definitely not,n,np,nai
reply-policy,Corona Kavach,kavach,coboch,cabach
reply-policy,Corona Rakshak,Rakshak,Rakhak
Reply_Top,Country,contry,province,countries,country level,country wise,countrylevel,countrywise
Reply_Top,State,Indian State,India State,States,Sates of India,state of india,india states,indian states,state level,state wise
Reply_Top,City,District,india city,cities,districts,india district,india cities,india districts,citywise,districtwise,city level,district level
response,Total Cases,Cases,Confirmed,Most Cases,Positive,Total Positive,Total Infected
response,Total Deaths,Deaths,Dead,Deceased,died,Expired
school_type,preschool
school_type,middle school
school_type,grade school
school_type,college
school_type,high school
zip_code,@sys-number,/(\b|\s)\d{5}(\b|\s)/
